id,name,email,phone,city,department_name
1,Carolynn,cottawell0@uol.com.br,51-769-3152,Nova Odessa,Legal
2,Gan,gmaletratt1@intel.com,13-581-2681,Wuppertal,Business Development
3,Bride,bperrone2@springer.com,84-652-6188,Meliau,Research and Development
4,Nelia,nlinster3@ifeng.com,96-656-9985,Mestre,Legal
5,Eleanor,ebrumfitt4@usda.gov,45-056-6827,Qīr Moāv,Business Development
6,Tedda,thilldrop5@bluehost.com,91-362-1985,Rayevskiy,Human Resources
7,Alexis,aharrhy6@webnode.com,75-846-9690,Weetobula,Training
8,Henry,hcashman7@go.com,88-403-4273,Miguel Calmon,Business Development
9,Donavon,dceschelli8@blogs.com,27-253-3077,Jönköping,Engineering
10,Phedra,phindhaugh9@nih.gov,92-159-5719,Pando,Marketing
11,Caleb,cjeenesa@stumbleupon.com,60-934-2984,Brezovica,Services
12,Dulcinea,dgoldthorpb@nydailynews.com,45-945-2788,Lindavista,Business Development
13,Lindy,ljanowskic@yelp.com,59-259-2437,Paojan,Legal
14,Kameko,ktownleyd@opera.com,69-917-9859,Batang,Engineering
15,Daisey,dcratese@google.com.hk,62-228-4252,Dolores,Accounting
16,Ronny,rbunningf@yahoo.com,90-931-9882,Skoútari,Legal
17,Blinny,bcorradinog@csmonitor.com,35-668-5427,Novogurovskiy,Sales
18,Lulu,lvosth@omniture.com,35-156-6697,Iława,Research and Development
19,Arvy,achalderi@nbcnews.com,18-583-9525,Dauriya,Training
20,Torre,tdoutyj@samsung.com,65-804-9549,Duifang,Accounting
21,Adria,atolchardk@privacy.gov.au,65-170-9721,Floriano,Accounting
22,Eddie,ecudiffl@about.me,94-919-1430,Wates,Business Development
23,Megen,mogleasanem@sourceforge.net,78-933-3839,Jepara,Legal
24,Herc,hmathiesonn@washington.edu,57-026-4647,Bourges,Legal
25,Dino,dlindrooso@homestead.com,03-594-0424,Cachoeiro de Itapemirim,Services
26,Melania,minnesp@hibu.com,27-571-5637,Ouahigouya,Human Resources
27,Gabriel,gfrankishq@hp.com,75-567-7742,Santo António da Charneca,Training
28,Layton,liannuzzellir@engadget.com,53-854-7028,Lewotukan,Engineering
29,Lara,ljarrolds@tamu.edu,25-518-7741,Taohua,Business Development
30,Morganica,mkopeckat@apple.com,58-884-1477,Nizhniy Tagil,Marketing
31,Carlina,ckeoghu@ft.com,99-618-7749,Phra Yuen,Product Management
32,Cherise,clamplughv@epa.gov,41-258-6356,San Miguel,Research and Development
33,Renado,rgrinstonw@tinypic.com,23-423-2510,Albion,Marketing
34,Kariotta,klazenbyx@weibo.com,77-612-4310,El Paso,Engineering
35,Claiborn,cwattinsy@google.ru,07-500-2948,Kemil,Research and Development
36,Kathe,kgoldsackz@latimes.com,30-482-0044,Hřebeč,Support
37,Karie,kbonin10@gmpg.org,62-278-0147,Puamata,Marketing
38,Kay,kwaeland11@cornell.edu,97-246-1134,Sơn Tây,Business Development
39,Conrado,cgosson12@angelfire.com,86-218-8593,Gangba,Services
40,Dalton,dcotterill13@wsj.com,65-936-7104,Xiabeisi,Business Development
41,Farleigh,fpote14@drupal.org,32-647-0751,Lapas,Engineering
42,Addie,arhoades15@fema.gov,48-965-0398,Biyang,Accounting
43,Fern,fpagden16@alexa.com,20-500-1770,Xizhong,Accounting
44,Mauricio,mflack17@bbb.org,45-402-7010,Nila Dua,Support
45,Arabella,aplatt18@myspace.com,00-304-6606,Janaka,Legal
46,Chris,cgoodbanne19@slashdot.org,40-468-0698,Cileunyi,Services
47,Finley,fmcentegart1a@slashdot.org,79-409-7671,Davao,Accounting
48,Dasi,ddarell1b@meetup.com,91-669-3142,Rydzyna,Engineering
49,Reider,rmarre1c@fotki.com,58-206-9114,La Maná,Accounting
50,Adrian,aohingerty1d@zimbio.com,48-428-1264,Orléans,Sales
51,Adelaida,amockford1e@infoseek.co.jp,76-514-0353,Abuyog,Support
52,Dougie,dchape1f@tumblr.com,64-365-9692,Jevišovice,Sales
53,Katie,kstarbucke1g@t.co,00-329-2513,Bektemir,Product Management
54,Bili,braddin1h@sourceforge.net,18-148-2935,Naḩḩālīn,Product Management
55,Kaiser,kdrieu1i@uol.com.br,19-528-6349,Jianmin,Training
56,Hewett,hcalton1j@mit.edu,95-814-7706,Sam Chuk,Product Management
57,Stephine,sricold1k@slideshare.net,08-354-2486,Khamis Mushait,Business Development
58,Jerrilee,jdaniely1l@businesswire.com,58-644-4815,Zhihe,Services
59,Reinhold,rpuddicombe1m@nydailynews.com,35-919-7922,Kunsan,Support
60,Staci,snotton1n@comsenz.com,78-499-4905,Jindaoxia,Services
61,Cordula,ciacovuzzi1o@harvard.edu,18-686-1236,Galis,Business Development
62,Lamond,ldevonport1p@surveymonkey.com,26-709-9739,Perstorp,Services
63,Filmer,fthirst1q@latimes.com,75-246-7252,Talun,Accounting
64,Creight,cmillin1r@narod.ru,30-235-9171,Clermont-Ferrand,Engineering
65,Ibby,ifforde1s@people.com.cn,51-124-0438,Az Zaytūnīyah,Business Development
66,Karel,kwegman1t@tiny.cc,99-960-0730,Puro,Support
67,Thedric,tkropach1u@phoca.cz,21-160-0445,Rungkam,Accounting
68,Robbie,rsmaridge1v@utexas.edu,84-366-3166,Kushk,Support
69,Iolande,iyurygyn1w@qq.com,28-397-3274,Novo Horizonte,Accounting
70,Amalie,aculpin1x@mit.edu,30-129-0876,Enzan,Human Resources
71,Kincaid,kpantin1y@tamu.edu,27-405-6699,Taldan,Legal
72,Viviana,vtumbelty1z@discovery.com,18-471-4860,Gibsons,Marketing
73,Regina,rdechelette20@mediafire.com,14-753-7602,Belo Jardim,Training
74,Jessica,jpostill21@technorati.com,11-628-5273,Zhongpai,Training
75,Corie,ckeatley22@fastcompany.com,38-196-6584,Huadi,Support
76,Cayla,cboorn23@elpais.com,95-034-0871,Longmenfan,Accounting
77,Mischa,msnelgar24@miibeian.gov.cn,95-316-5773,eMbalenhle,Marketing
78,Melisandra,mlepruvost25@google.it,75-645-4727,Vyshneve,Product Management
79,Bear,bshelford26@reverbnation.com,32-510-0960,Kamen,Research and Development
80,Nellie,nqueyeiro27@netlog.com,58-155-0962,Lleida,Business Development
81,Kissee,kklimek28@blog.com,73-064-6481,Gorzyce,Research and Development
82,Adelle,awatt29@sfgate.com,03-263-0348,Mysove,Training
83,Isak,ihurdedge2a@i2i.jp,52-171-2303,Šentrupert,Business Development
84,Teirtza,ttreverton2b@liveinternet.ru,77-717-2061,Suna,Research and Development
85,Steffane,soferris2c@businesswire.com,96-959-1580,Nunleu,Engineering
86,Zelig,zbassick2d@ocn.ne.jp,13-493-9541,Ban Selaphum,Engineering
87,Lorrie,lstrutley2e@aboutads.info,64-852-3472,Talin Hiag,Research and Development
88,Elianora,ecours2f@xing.com,44-273-2635,Magoúla,Business Development
89,Amelita,adymocke2g@soundcloud.com,68-223-4528,Vale,Research and Development
90,Cyrillus,cblewmen2h@nasa.gov,20-275-2094,Tromsø,Sales
91,Deni,dcrankhorn2i@typepad.com,34-373-1043,Santo Domingo,Business Development
92,Rosamond,rpauling2j@booking.com,65-707-7705,Yëlkino,Human Resources
93,Julio,jpyper2k@patch.com,62-595-8719,Thị Trấn Na Sầm,Human Resources
94,Neils,nmeekin2l@360.cn,53-016-8443,Trondheim,Accounting
95,Emile,eanstie2m@technorati.com,15-723-5143,Doom,Support
96,Haroun,hchillingsworth2n@discovery.com,73-043-5033,Batutulis,Human Resources
97,Nance,nboagey2o@hugedomains.com,05-538-7171,Lyaskelya,Business Development
98,Marcelle,mjerger2p@senate.gov,07-173-9927,Tillabéri,Research and Development
99,Ernestine,epellett2q@purevolume.com,03-267-5574,Varge Mondar,Sales
100,Nolly,noswald2r@sitemeter.com,71-077-8170,Cijangkar,Legal